epoch,accuracy,auc,learning_rate,loss,precision,recall,val_accuracy,val_auc,val_loss,val_precision,val_recall
0,0.730497419834137,0.8103396892547607,9.999999747378752e-06,0.6418814063072205,0.7670009136199951,0.6782596707344055,0.5785627365112305,0.6746888756752014,2.367091417312622,0.5820528864860535,0.5767356753349304
1,0.7725509405136108,0.8553330302238464,9.999999747378752e-06,0.4787163734436035,0.7977756261825562,0.7354856729507446,0.6199756264686584,0.7527098655700684,1.3986412286758423,0.629256010055542,0.6077953577041626
2,0.7913260459899902,0.8742959499359131,9.999999747378752e-06,0.44977349042892456,0.8137574195861816,0.7622280716896057,0.6644335985183716,0.8011560440063477,0.9251121878623962,0.6772959232330322,0.6467722058296204
3,0.8141887187957764,0.8957206010818481,9.999999747378752e-06,0.38897186517715454,0.8370588421821594,0.788693368434906,0.6778318881988525,0.8159148693084717,0.8024324774742126,0.6952624917030334,0.6613885760307312
4,0.8257586359977722,0.9047000408172607,9.999999747378752e-06,0.36526158452033997,0.8455646634101868,0.8030344843864441,0.6674786806106567,0.8083350658416748,0.8385351896286011,0.6933932304382324,0.658343493938446
5,0.8334488272666931,0.9153771996498108,9.999999747378752e-06,0.34790655970573425,0.851787269115448,0.8122488856315613,0.7137637138366699,0.8359476327896118,0.6751959323883057,0.744321882724762,0.6985383629798889
6,0.8380213379859924,0.9173601865768433,9.999999747378752e-06,0.3366403877735138,0.8536514639854431,0.8179298639297485,0.7265529632568359,0.8500450253486633,0.6168280243873596,0.7524303197860718,0.7070645689964294
7,0.8534709811210632,0.9284992218017578,9.999999747378752e-06,0.3174821734428406,0.8663451671600342,0.8339337706565857,0.6912301778793335,0.8103519082069397,0.7564750909805298,0.7164082527160645,0.6753958463668823
