epoch,accuracy,auc,loss,lr,precision,recall,val_accuracy,val_auc,val_loss,val_precision,val_recall
0,0.8166135549545288,0.8972768783569336,0.39078253507614136,1e-05,0.8375329375267029,0.7921574115753174,0.6462481021881104,0.6612741947174072,0.9758476614952087,0.6618059277534485,0.6023481488227844
1,0.8263821601867676,0.9076675176620483,0.3690347373485565,1e-05,0.8436636328697205,0.8034501671791077,0.6850433945655823,0.7458258271217346,0.8099596500396729,0.7131608724594116,0.6472690105438232
2,0.8445337414741516,0.9205551743507385,0.33399665355682373,1e-05,0.8620089888572693,0.8240265846252441,0.5747830271720886,0.5813466310501099,1.337396502494812,0.5922276973724365,0.5523226261138916
3,0.8482748866081238,0.9273027181625366,0.31093674898147583,1e-05,0.862215518951416,0.8293612599372864,0.5028075575828552,0.5308433771133423,1.4160945415496826,0.5134393572807312,0.4777947962284088
4,0.8473049998283386,0.9257283806800842,0.3263597786426544,1e-05,0.8605185747146606,0.8300540447235107,0.7626339793205261,0.8450495004653931,0.6134255528450012,0.78822261095047,0.7447677254676819
5,0.8595677018165588,0.9312523007392883,0.30775952339172363,1e-05,0.8703650832176208,0.84238600730896,0.6033690571784973,0.6367674469947815,1.1953456401824951,0.6161836981773376,0.5752935409545898
6,0.8665650486946106,0.9379628300666809,0.2813240587711334,1e-05,0.8787532448768616,0.8516004085540771,0.601837694644928,0.6531636714935303,1.2051867246627808,0.6229418516159058,0.5793772339820862
7,0.8679506778717041,0.9397472739219666,0.2790462076663971,1e-05,0.8769965767860413,0.8520853519439697,0.7355793714523315,0.8244410753250122,0.7746238112449646,0.7515957355499268,0.7212863564491272
