epoch,accuracy,auc,loss,lr,precision,recall,val_accuracy,val_auc,val_loss,val_precision,val_recall
0,0.8214632272720337,0.9023464918136597,0.3857617676258087,1e-05,0.8381427526473999,0.8028959631919861,0.5017866492271423,0.581007719039917,1.4933396577835083,0.5100317001342773,0.49310871958732605
1,0.8380905985832214,0.9157589673995972,0.340893417596817,1e-05,0.8509151339530945,0.8181377053260803,0.6554364562034607,0.7523975968360901,0.8946394920349121,0.674078106880188,0.634507417678833
2,0.8405847549438477,0.9228309392929077,0.33712807297706604,1e-05,0.8548189997673035,0.8227795362472534,0.6773864030838013,0.7844033241271973,0.8021517395973206,0.6899470686912537,0.6656457185745239
3,0.8497990965843201,0.9285948276519775,0.3222934901714325,1e-05,0.8649135231971741,0.831716775894165,0.6870852708816528,0.7798949480056763,0.8897212147712708,0.7048832178115845,0.6778968572616577
4,0.8586670160293579,0.933212399482727,0.3078307807445526,1e-05,0.8725391626358032,0.841346800327301,0.5880551338195801,0.6773173213005066,1.3288605213165283,0.5954997539520264,0.5809086561203003
5,0.8696826696395874,0.9394867420196533,0.2885000705718994,1e-05,0.8813365697860718,0.8552029728889465,0.6600306034088135,0.7303797006607056,1.070868968963623,0.6705202460289001,0.6513527035713196
6,0.8677428364753723,0.941877007484436,0.2654532790184021,5e-06,0.8789777159690857,0.8554108142852783,0.7080143094062805,0.8036133646965027,0.8073350787162781,0.7185691595077515,0.6972945332527161
7,0.8776500225067139,0.9480384588241577,0.26687970757484436,5e-06,0.8869064450263977,0.8644173741340637,0.746299147605896,0.8308281898498535,0.7237698435783386,0.7546972632408142,0.7381317019462585
