epoch,accuracy,auc,loss,lr,precision,recall,val_accuracy,val_auc,val_loss,val_precision,val_recall
0,0.7616738080978394,0.8370033502578735,0.5236539840698242,1e-05,0.7845450639724731,0.7371484041213989,0.59162837266922,0.6231298446655273,1.2001588344573975,0.6012167930603027,0.5548749566078186
1,0.7816267013549805,0.8607558608055115,0.4665887951850891,1e-05,0.8013819456100464,0.755299985408783,0.6324655413627625,0.6015490293502808,1.157626748085022,0.645935595035553,0.6043899655342102
2,0.8072606325149536,0.881732702255249,0.4215885102748871,1e-05,0.8247527480125427,0.785783588886261,0.6988259553909302,0.7686058878898621,0.9060391783714294,0.7152740955352783,0.6860643029212952
3,0.8147429823875427,0.8913358449935913,0.4203113317489624,1e-05,0.8300648927688599,0.7976306080818176,0.7054619789123535,0.7821577787399292,0.8732978105545044,0.7235641479492188,0.6881061792373657
4,0.8306083083152771,0.905659556388855,0.365522176027298,1e-05,0.8455078601837158,0.8091312050819397,0.703420102596283,0.7523564100265503,0.8553875088691711,0.7206915020942688,0.6809597015380859
5,0.8343494534492493,0.9092939496040344,0.36030471324920654,1e-05,0.8492923378944397,0.8148122429847717,0.7646758556365967,0.8243274688720703,0.7154313325881958,0.7785977721214294,0.7539560794830322
6,0.8420396447181702,0.9189281463623047,0.3262462913990021,1e-05,0.8549519777297974,0.8265207409858704,0.6957631707191467,0.7650827169418335,0.915315568447113,0.7144373655319214,0.6870852708816528
7,0.8506304621696472,0.9244042634963989,0.33032867312431335,1e-05,0.8627507090568542,0.8374670743942261,0.812659502029419,0.8671292066574097,0.5785298347473145,0.8215400576591492,0.8060234785079956
